OrderDetailID,OrderID,ProductName,ProductType,Quantity
1,1,"Dá»¥ng cá»¥ má»Ÿ náº¯p chai lá»™, Ä‘á»“ há»™p siÃªu nhaanh 4in1, cháº¥t liá»‡u cao su.DC má»Ÿ náº¯p chai tiá»‡n dá»¥ng, Ä‘a nÄƒng",Khui Náº¯p 4in1,2
2,2,"Cá»‘i ÄÃ¡ Tá»± NhiÃªn NguyÃªn Khá»‘i DÃ¹ng GiÃ£ HÃ nh Tá»i, GiÃ£ Cua, Quáº¿t Cháº£ Tiá»‡n Lá»£i 10cm, 12cm, 14cm, 16cm BK Store",Cá»‘i  14cm(cÃ³ chÃ y),1
3,3,Set 6 cÃ¢y bÃ n cháº£i Ä‘Ã¡nh rÄƒng PS lÃ´ng tÆ¡ má»m vá»«a pháº£i báº£o vá»‡ vÃ  vá»‡ sinh rÄƒng miá»‡ng,,1
4,4,KÃ­nh lÃ£o Ä‘á»c sÃ¡ch cho ngÆ°á»i lá»›n tuá»•i Braby Glasses viá»…n thá»‹ gá»ng kim loáº¡i máº£nh cháº¯c cháº¯n chá»‘ng gáº«y cÃ³ Ä‘á»™ sáºµn KL08,"VÃ€NG,2 Äá»˜",1
5,5,GiÃ y Sneaker Váº£i Canvas Unisex ChÃ­nh HÃ£ng DINCOX C20 Black Sang Trá»ng Tinh Táº¿ ÄÆ¡n Giáº£n,"Black,42",1
6,6,Balo mini káº¿t há»£p tÃºi Ä‘eo chÃ©o cÃ¡ tÃ­nh HARAS HR225,Xanh,1
7,7,"CÃ¢y chuá»‘i ráº» quáº¡t, Cao 40cm Ä‘áº¿n 60cm sá»©c sá»‘ng cá»±c mÃ£nh liá»‡t, dá»… chÄƒm sÃ³c phong thá»§y tá»‘t cho gia chá»§",,1
8,8,1kg cÃ¢y Cá»I XAY khÃ´ sáº¡ch Ä‘áº¹p loáº¡i 1 - cÆ¡ sá»Ÿ dÆ°á»£c liá»‡u Tháº£o An,1kg,2
9,9,Dáº§u GiÃ³ Xanh ThiÃªn Tháº£o 12ml (100% CHÃNH HÃƒNG cÃ³ Ä‘áº§y Ä‘á»§ hÃ³a Ä‘Æ¡n VAT),,4
10,10,XÃ  BÃ´ng Cá»¥c CaMay 125g,"Tráº¯ng,125g",1
11,10,Nhang Trá»« Muá»—i JumBo Vape HÆ°Æ¡ng Hoa LÃ i Há»™p 50 Khoanh,,1
12,11,ViÃªn Uá»‘ng Xá»• Giun VERFUCAS Há»™p 1 ViÃªn Há»— Trá»£ Xá»• CÃ¡c Loáº¡i Giun SÃ¡n,,2
13,12,Gáº¡t TÃ n Thuá»‘c HÃ¬nh TrÃ²n Báº±ng ThÃ©p KhÃ´ng Gá»‰ Cao Cáº¥p,MÃ u Ä‘á»,1
14,13,(HCM) 50 Miáº¿ng DÃ¡n Ngáº£i Cá»©u Tháº£i Äá»™c ChÃ¢n LÃ£o Báº¯c Kinh,1 Há»˜P 50 MIáº¾NG,5
15,14,"Há»™p 20 cÃ¢y BÃºt Bi ThiÃªn Long TL-08,ngÃ²i 0.8mm má»±c xanh/Ä‘á»/Ä‘en thiáº¿t káº¿ tá»‘i giáº£n, dá»… sá»­ dá»¥ng, dáº¡ng báº¥m cÃ²",MÃ u sáº¯c Xanh,1
16,15,[Xáº¥p 20 tá»] Giáº¥y thi tráº¯c nghiá»‡m TOEIC báº£n chuáº©n IIG,,2
17,16,Dáº§u Xoa BÃ³p Gia Truyá»n Chai 120ml,,3
18,17,Tháº» nhá»› SDXC SanDisk Extreme PRO 64GB UHS-I U3 4K V30 200MB/s 170MB/s (SDSDXXY-064G-ANCIN),Máº«u 200MB/s,1
19,18,á»• cá»©ng di Ä‘á»™ng/ USB Sandisk 128GB (SDCZ73-G46) Ultra - Báº£o hÃ nh 60 thÃ¡ng,64GB,1
20,19,KÃ­nh lÃ£o gá»ng HÃ n Quá»‘c cá»• Ä‘iá»ƒn cÃ³ Ä‘á»™ phÃ¢n giáº£i cao trÃ²ng vuÃ´ng mÃ£ Y1208,"nÃ¢u trong,+2.00",2
21,20,MÃºt CÃ¡ch Ã‚m MÃºt tiÃªu Ã¢m trá»©ng há»™t gÃ  50x50cm LOáº I 1 #cÃ¡ch_Ã‚m_ÄÃ´ng_Ã ( chÆ°a cÃ³ keo),"5cm,VÃ ng",2
22,20,MÃºt CÃ¡ch Ã‚m MÃºt tiÃªu Ã¢m trá»©ng há»™t gÃ  50x50cm LOáº I 1 #cÃ¡ch_Ã‚m_ÄÃ´ng_Ã ( chÆ°a cÃ³ keo),"5cm,XÃ¡m nháº¡t",2
23,20,MÃºt CÃ¡ch Ã‚m MÃºt tiÃªu Ã¢m trá»©ng há»™t gÃ  50x50cm LOáº I 1 #cÃ¡ch_Ã‚m_ÄÃ´ng_Ã ( chÆ°a cÃ³ keo),"5cm,Äen",3
24,21,MÃºt CÃ¡ch Ã‚m MÃºt tiÃªu Ã¢m trá»©ng há»™t gÃ  50x50cm LOáº I 1 #cÃ¡ch_Ã‚m_ÄÃ´ng_Ã ( chÆ°a cÃ³ keo),"5cm,Äen",2
25,21,MÃºt CÃ¡ch Ã‚m MÃºt tiÃªu Ã¢m trá»©ng há»™t gÃ  50x50cm LOáº I 1 #cÃ¡ch_Ã‚m_ÄÃ´ng_Ã ( chÆ°a cÃ³ keo),"5cm,tráº¯ng",2
26,22,BÃºt trÃ¬nh chiáº¿u Baseus KhÃ´ng DÃ¢y 2.4ghz Laser pháº¡m vi dÃ¹ng 100 m thÃ­ch há»£p cho Powerpoint thuyáº¿t trÃ¬nh bÃ i táº­p nhÃ³m ...,Äen,1
27,23,"Vá»‰ 50 ViÃªn Uá»‘ng Nhuáº­n TrÃ ng Há»— trá»£ TiÃªu HÃ³a, Há»— Trá»£ Giáº£m CÃ¢n Detox Kenton Diet Kokando Ná»™i Äá»‹a Nháº­t Báº£n - Kokubo",,1
28,24,Ão ba lá»— nam nÄƒng Ä‘á»™ng tráº» trung HT01,"Ghi sÃ¡ng,M",1
29,25,"Ão Ba Lá»— SÃ¡t NÃ¡ch TankTop Nam Ná»¯ AmericanStyle Cotton 100% Cá»±c Äáº¹p vÃ  Tháº¥m hÃºt, Máº·c Gym Hay Máº·c ThÆ°á»ng NgÃ y","SÃ¡t NÃ¡ch Tráº¯ng,M (DÆ°á»›i 52 kg)",1
30,26,Äinh lÃ¡ khung tranh,,2
31,27,"TrÃ  ÄÃ¡ TÃºi Lá»c AKA TÃºi 200G (10 TÃšI X 20G) - HÆ°Æ¡ng LaÌ DÆ°Ìa, HÆ°Æ¡ng LaÌ€i Thanh NheÌ£, ThÆ¡m MaÌt",(Combo 2 GÃ³i LaÌ€i),1
32,27,"TrÃ  ÄÃ¡ TÃºi Lá»c AKA TÃºi 200G (10 TÃšI X 20G) - HÆ°Æ¡ng LaÌ DÆ°Ìa, HÆ°Æ¡ng LaÌ€i Thanh NheÌ£, ThÆ¡m MaÌt",(Comb 2GÃ³i LaÌ DÆ°Ìa),1
33,28,"Quáº§n LÃ³t Nam Thun Láº¡nh Lados 4115 - Thun lá»¥a co giÃ£n 4 chiá»u, siÃªu má»m, siÃªu thoáº£i mÃ¡i, cháº¥t liá»‡u tháº¥m hÃºt tá»‘t","Äen,M",1
34,28,"Quáº§n LÃ³t Nam Thun Láº¡nh Lados 4115 - Thun lá»¥a co giÃ£n 4 chiá»u, siÃªu má»m, siÃªu thoáº£i mÃ¡i, cháº¥t liá»‡u tháº¥m hÃºt tá»‘t","Xanh Äen,M",1
35,28,"Quáº§n LÃ³t Nam Thun Láº¡nh Lados 4115 - Thun lá»¥a co giÃ£n 4 chiá»u, siÃªu má»m, siÃªu thoáº£i mÃ¡i, cháº¥t liá»‡u tháº¥m hÃºt tá»‘t","XÃ¡m Tráº¯ng,M",1
36,29,Ká»‡ gia vá»‹ 2 táº§ng thÃ©p Ä‘en cÃ³ chá»— Ä‘á»ƒ dao thá»›t - Ä‘á»ƒ Ä‘á»“ nhÃ  báº¿p Ä‘a nÄƒng,,1
37,30,"Dung dá»‹ch vá»‡ sinh tai Ray C chai 10ml âš¡ CAM Káº¾T CHáº¤T LÆ¯á»¢NG âš¡ Dung dá»‹ch vá»‡ sinh lÃ m sáº¡ch tai, lÃ m má»m rÃ¡y tai",,1
38,31,[-50% Xáº£ Háº¿t ] Ão polo nam cÃ³ cá»• nhiá»u mÃ u váº£i thun cÃ¡ sáº¥u 4 chiá»u cotton chuáº©n form cao cáº¥p Chiaro A509,"Äen,M",1
39,31,[-50% Xáº£ Háº¿t ] Ão polo nam cÃ³ cá»• nhiá»u mÃ u váº£i thun cÃ¡ sáº¥u 4 chiá»u cotton chuáº©n form cao cáº¥p Chiaro A509,"Tráº¯ng,M",1
40,31,[-50% Xáº£ Háº¿t ] Ão polo nam cÃ³ cá»• nhiá»u mÃ u váº£i thun cÃ¡ sáº¥u 4 chiá»u cotton chuáº©n form cao cáº¥p Chiaro A509,"Xanh Äen,M",1
41,32,Cá»“n Boric 3% Nhá» Tai DP 3/2 (Lá»‘c/10c/10ml),Combo 5 há»™p,1
42,33,Ká»‡ lÃ² vi sÃ³ng sáº¯t ká»‡ gia vá»‹ báº¿p Ä‘a nÄƒng chá»‘ng gá»‰ decor phÃ²ng báº¿p thÆ°Æ¡ng hiá»‡u IGA- GM52/GM54,khung Äen GM54.02,1
43,34,[NAM] Quáº§n Jogger Kaki KhÃ³a Zip hÃ ng cÃ³ sáºµn form 45-110kg Æ¡i,"XÃ¡m Ä‘áº­m,S",1
44,34,[NAM] Quáº§n Jogger Kaki KhÃ³a Zip hÃ ng cÃ³ sáºµn form 45-110kg Æ¡i,"Xanh Ä‘en,S",1
45,35,vÃ¡ cÆ¡m chá»‘ng dÃ­nh mÃ u tráº¯ng nhá»±a thÃ¡i chÃ¢u giÃ¡ ráº»,,2
46,35,KEO DÃN 502 SIÃŠU DÃNH HIá»†U THUáº¬N TIáº¾N LOGO CON VOI,,4
47,35,bÃ´ng táº¯m lá»›n giÃ¡ ráº» 1 cÃ¡i ( giao mÃ u ngáº«u nhiÃªn ),,3
48,35,tháº£m dáº­m chÃ¹i chÃ¢n trong nhÃ  báº±ng váº£i ( tháº£m xoÃ i nhá» ) bá»c nilon bÃªn trong ( 1 cÃ¡i ),,3
49,36,1kg Æ°ng báº¥t báº¡c khÃ´,1kg,1
50,37,Dáº§u xoa bÃ³p chÃ¹a Pháº­t TÃ­ch TÃ²ng LÃ¢m,,4
51,38,1kg Æ°ng báº¥t báº¡c khÃ´,1kg,1
52,39,cÃ¢y mÃ¡t gan  tÃºi 1kg( cá»§a bÃ  con vÃ¹ng cao tÃ¢y báº¯c),,2
53,40,[-50% Xáº£ Háº¿t ] Ão polo nam cÃ³ cá»• nhiá»u mÃ u váº£i thun cÃ¡ sáº¥u 4 chiá»u cotton chuáº©n form cao cáº¥p Chiaro A509,"Xanh Nháº¡t,M",1
54,41,"BÄƒng dÃ­nh 2 máº·t, Keo 2 máº·t lÃ m á»‘p khá»• lá»›n 16.5x20M",Keo 2 máº·t tráº¯ng,1
55,42,[bro] GÄƒng Tay NÃ©n Giáº£m Äau Khá»›p NgÃ³n Tay,"MÃ u xÃ¡m,M",1
56,43,"Sandal Nam Ná»¯ Quai DÃ¹ Thá»ƒ Thao Phong CÃ¡ch HÃ n Quá»‘c,Sandal Äi Há»c","Äen,42",1
57,44,Há»™p 50 Miáº¿ng DÃ¡n ChÃ¢n Ngáº£i Cá»©u Tháº£i Äá»™c ÄÃ´ng Y LÃ£o Báº¯c Kinh,,2
58,45,XÃ  BÃ´ng Cá»¥c CaMay 125g,"Äen,125g",1
59,45,Nhang Trá»« Muá»—i JumBo Vape HÆ°Æ¡ng Hoa LÃ i Há»™p 50 Khoanh,,1
60,46,1 Äai Quáº¥n Báº£o Vá»‡ Äáº§u Gá»‘i CÃ³ Thá»ƒ Äiá»u Chá»‰nh Giáº£m Äau Cho Nam Ná»¯,"Be,L",2
61,47,"BÄƒng báº£o vá»‡ cá»• tay, bÃ n tay khi chÆ¡i thá»ƒ thao nam vÃ  ná»¯",2 chiáº¿c,1
62,48,MÃºt CÃ¡ch Ã‚m MÃºt tiÃªu Ã¢m trá»©ng há»™t gÃ  50x50cm LOáº I 1 #cÃ¡ch_Ã‚m_ÄÃ´ng_Ã ( chÆ°a cÃ³ keo),"5cm,keo dÃ¡n dáº¡ng xá»‹t",1
63,49,MÃºt CÃ¡ch Ã‚m MÃºt tiÃªu Ã¢m trá»©ng há»™t gÃ  50x50cm LOáº I 1 #cÃ¡ch_Ã‚m_ÄÃ´ng_Ã ( chÆ°a cÃ³ keo),"5cm,VÃ ng",2
64,49,MÃºt CÃ¡ch Ã‚m MÃºt tiÃªu Ã¢m trá»©ng há»™t gÃ  50x50cm LOáº I 1 #cÃ¡ch_Ã‚m_ÄÃ´ng_Ã ( chÆ°a cÃ³ keo),"5cm,keo dÃ¡n dáº¡ng xá»‹t",1
65,50,MÃºt CÃ¡ch Ã‚m MÃºt tiÃªu Ã¢m trá»©ng há»™t gÃ  50x50cm LOáº I 1 #cÃ¡ch_Ã‚m_ÄÃ´ng_Ã ( chÆ°a cÃ³ keo),"5cm,XÃ¡m nháº¡t",2
66,51,MÃºt CÃ¡ch Ã‚m MÃºt tiÃªu Ã¢m trá»©ng há»™t gÃ  50x50cm LOáº I 1 #cÃ¡ch_Ã‚m_ÄÃ´ng_Ã ( chÆ°a cÃ³ keo),"5cm,VÃ ng",1
67,51,MÃºt CÃ¡ch Ã‚m MÃºt tiÃªu Ã¢m trá»©ng há»™t gÃ  50x50cm LOáº I 1 #cÃ¡ch_Ã‚m_ÄÃ´ng_Ã ( chÆ°a cÃ³ keo),"5cm,Xanh DÆ°Æ¡ng",2
68,51,MÃºt CÃ¡ch Ã‚m MÃºt tiÃªu Ã¢m trá»©ng há»™t gÃ  50x50cm LOáº I 1 #cÃ¡ch_Ã‚m_ÄÃ´ng_Ã ( chÆ°a cÃ³ keo),"5cm,Äá»",2
69,52,MÃºt CÃ¡ch Ã‚m MÃºt tiÃªu Ã¢m trá»©ng há»™t gÃ  50x50cm LOáº I 1 #cÃ¡ch_Ã‚m_ÄÃ´ng_Ã ( chÆ°a cÃ³ keo),"5cm,Xanh DÆ°Æ¡ng",1
70,52,MÃºt CÃ¡ch Ã‚m MÃºt tiÃªu Ã¢m trá»©ng há»™t gÃ  50x50cm LOáº I 1 #cÃ¡ch_Ã‚m_ÄÃ´ng_Ã ( chÆ°a cÃ³ keo),"5cm,Äá»",1
71,52,MÃºt tiÃªu Ã¢m á»‘p gÃ³c Bass Trap DÃ€I 50Cm,Bass máº«u rÃ£nh,2
72,53,Dáº§u Xoa BÃ³p Gia Truyá»n Chai 120ml,,3
73,54,"Bá»™ bÃ¡nh xe 100mm, mÃ u Ä‘en 4 cÃ¡i (2 xoay vÃ  2 khoÃ¡)",,1
74,55,"Vá»‰ giáº¥y Ä‘á»±ng trá»©ng gÃ , khay trá»©ng giáº¥y, nuÃ´i dáº¿, nuÃ´i giÃ¡n, sÃ¢u rá»“ng, bÃ² sÃ¡t,..(HÃ ng Äáº¹p) Vá»‰ Ä‘Ã£ dÃ¹ng 1 láº§n Ä‘á»±ng trá»©ng gÃ ",,20
75,56,MÃºt CÃ¡ch Ã‚m MÃºt tiÃªu Ã¢m trá»©ng há»™t gÃ  50x50cm LOáº I 1 #cÃ¡ch_Ã‚m_ÄÃ´ng_Ã ( chÆ°a cÃ³ keo),"5cm,Xanh DÆ°Æ¡ng",1
76,56,MÃºt CÃ¡ch Ã‚m MÃºt tiÃªu Ã¢m trá»©ng há»™t gÃ  50x50cm LOáº I 1 #cÃ¡ch_Ã‚m_ÄÃ´ng_Ã ( chÆ°a cÃ³ keo),"5cm,Äá»",1
77,56,MÃºt CÃ¡ch Ã‚m MÃºt tiÃªu Ã¢m trá»©ng há»™t gÃ  50x50cm LOáº I 1 #cÃ¡ch_Ã‚m_ÄÃ´ng_Ã ( chÆ°a cÃ³ keo),"5cm,keo dÃ¡n dáº¡ng xá»‹t",1
78,57,"Sim Mobifone Local A69 (4GB 1 NgÃ y) Miá»…n PhÃ­ thÃ¡ng Ä‘áº§u, Gia háº¡n chá»‰ 69k | A50 A50S A89 A79 A68",A69,1
79,58,Ão Tank top thá»ƒ thao nam ICOMBAT khoÃ©t nÃ¡ch 100% Polyester Quick Dry Ã¡o sÃ¡t nÃ¡ch ba lá»— thoÃ¡ng khÃ­ thoáº£i mÃ¡i váº­n Ä‘á»™ng,"MÃ u Tráº¯ng,M",1
80,58,Ão Tank top thá»ƒ thao nam ICOMBAT khoÃ©t nÃ¡ch 100% Polyester Quick Dry Ã¡o sÃ¡t nÃ¡ch ba lá»— thoÃ¡ng khÃ­ thoáº£i mÃ¡i váº­n Ä‘á»™ng,"MÃ u XÃ¡m,M",1
81,58,Ão Tank top thá»ƒ thao nam ICOMBAT khoÃ©t nÃ¡ch 100% Polyester Quick Dry Ã¡o sÃ¡t nÃ¡ch ba lá»— thoÃ¡ng khÃ­ thoáº£i mÃ¡i váº­n Ä‘á»™ng,"MÃ u Äen,M",1
82,59,Quáº§n ÄÃ¹i Thá»ƒ Thao Nam PoLy Cá»±c Äáº¹p Store NA,"XÃ¡m,Size M 45-58 kg",1
83,59,Quáº§n ÄÃ¹i Thá»ƒ Thao Nam PoLy Cá»±c Äáº¹p Store NA,"than,Size M 45-58 kg",1
84,59,Quáº§n ÄÃ¹i Thá»ƒ Thao Nam PoLy Cá»±c Äáº¹p Store NA,"Ghi,Size M 45-58 kg",1
85,60,bÃ³ gá»‘i thá»ƒ thao Giáº£m Äau Khá»›p ChuyÃªnï¼Œbáº£o vá»‡ Ä‘áº§u gá»‘i BÄƒng Quáº¥n Äáº§u Gá»‘i ThoÃ¡ng KhÃ­ Há»— Trá»£ ã€HÃ ng giao ngayã€‘,ChÃ¢n pháº£i / Äen M,1
86,60,bÃ³ gá»‘i thá»ƒ thao Giáº£m Äau Khá»›p ChuyÃªnï¼Œbáº£o vá»‡ Ä‘áº§u gá»‘i BÄƒng Quáº¥n Äáº§u Gá»‘i ThoÃ¡ng KhÃ­ Há»— Trá»£ ã€HÃ ng giao ngayã€‘,ChÃ¢n trÃ¡i / Äen M,1
87,61,Quáº§n ÄÃ¹i Thá»ƒ Thao Nam PoLy Cá»±c Äáº¹p Store NA,"Äen,Size L 59-65 kg",1
88,61,Quáº§n ÄÃ¹i Thá»ƒ Thao Nam PoLy Cá»±c Äáº¹p Store NA,"than,Size M 45-58 kg",1
89,62,ThÆ°á»›c Káº» 20Cm Kewen,,1
90,62,Bá»c plastic cao cáº¥p cho sÃ¡ch truyá»‡n (nhiá»u kÃ­ch thÆ°á»›c tÃ¹y chá»n),23cm,2
91,62,Bá»c plastic cao cáº¥p cho sÃ¡ch truyá»‡n (nhiá»u kÃ­ch thÆ°á»›c tÃ¹y chá»n),24cm,2
92,62,Bá»c plastic cao cáº¥p cho sÃ¡ch truyá»‡n (nhiá»u kÃ­ch thÆ°á»›c tÃ¹y chá»n),25cm(B5),2
93,62,Bá»c plastic cao cáº¥p cho sÃ¡ch truyá»‡n (nhiá»u kÃ­ch thÆ°á»›c tÃ¹y chá»n),26cm,2
94,63,Bá»™ lá»c rÃ¡c bá»“n rá»­a chÃ©n kÃ¨m náº¯p Ä‘áº­y báº±ng inox chá»‘ng han gá»‰,"1 giá» 6x7,5cm",3
95,63,Bá»™ lá»c rÃ¡c bá»“n rá»­a chÃ©n kÃ¨m náº¯p Ä‘áº­y báº±ng inox chá»‘ng han gá»‰,"1 Giá» 8x7,5cm",3
96,64,"Sp Bá»™ Chá»•i Lau NhÃ , Bá»™ Lau NhÃ  ThÃ´ng Minh Tiá»‡n Lá»£i Tá»± Váº¯t Tiá»‡n Lá»£i Dá»… Sá»­ Dá»¥ng, SiÃªu Bá»n Cho Má»i Gia ÄÃ¬nh","Máº«u Cao Cáº¥p,Báº£o HÃ nh 24 ThÃ¡ng",1
97,65,Cá» Rá»­a Ly BÃ¬nh NÆ°á»›c BÃ¬nh Giá»¯ Nhiá»‡t BÃ¬nh Sá»¯a 7 MÃ u Cáº§u Vá»“ng B203,,1
98,65,Bá»c ChÃ¢n Chá»‘ng Xe MÃ¡y Báº£o Vá»‡ Chá»‘ng Va Quáº¹t Chá»‘ng Tráº§y XÆ°á»›c Ná»n NhÃ  H164,,1
99,65,Dá»¥ng Cá»¥ Dáº­p Tá»i Ã‰p Tá»i CÃ¡n Äen Cáº§m Tay Báº±ng ThÃ©p KhÃ´ng Gá»‰ Tiá»‡n Dá»¥ng A316,,1
100,65,Dá»¥ng Cá»¥ ÄÃ¡nh Váº£y CÃ¡ ChuyÃªn Dá»¥ng A312,,1
101,65,CÃ¢y MÃ³c RÃ¡c ThÃ´ng Táº¯c Bá»“n Cáº§u ThÃ´ng Táº¯c Cá»‘ng Dá»¥ng Cá»¥ MÃ³c RÃ¡c K257,,1
102,65,Káº¹p Inox Gáº¯p Thá»©c Ä‚n Äa NÄƒng NhÃ  Báº¿p Máº«u Má»›i A276,,1
103,65,BÃ n Cháº£i ChÃ  SÃ n CÆ°á»›c Lá»›n CÃ³ Tay Cáº§m Viá»‡t Nháº­t HA203,,1
104,65,BÃ´ng Táº¯m 2 MÃ u Táº¡o Bá»t NhÃ  Táº¯m Má»m Máº¡i B115,,2
105,65,Miáº¿ng LÆ°á»›i Inox Lá»c RÃ¡c Bá»“n Rá»­a ChÃ©n Cháº·n Thá»©c Ä‚n Thá»«a A333,,3
106,66,"Thá»›t Nhá»±a KhÃ¡ng Khuáº©n PP Chá»‘ng TrÃ n NÆ°á»›c, Gia Dá»¥ng NhÃ  Báº¿p ThÃ´ng Minh, KÃ­ch ThÆ°á»›c Lá»›n, DÃ¹ng 2 máº·t",XANH TRÃ€,1
107,67,Dáº§u GiÃ³ Xanh ThiÃªn Tháº£o 12ml (100% CHÃNH HÃƒNG cÃ³ Ä‘áº§y Ä‘á»§ hÃ³a Ä‘Æ¡n VAT),,3
108,68,ULANZI PT-7 - HÃ€NG CHÃNH HÃƒNG - GiÃ¡ Ä‘á»¡ / Thanh má»Ÿ rá»™ng Ä‘a nÄƒng,,1
109,69,"{Äá»“ng giÃ¡ 1 kg/size} TÃºi rÃ¡c cuá»™n Ä‘en loáº¡i Ä‘áº¹p, dai (cÃ³ sáºµn 4 size tiá»ƒu, trung, Ä‘áº¡i, cá»±c Ä‘áº¡i)",Äáº¡i Ä‘en (64x78)cm,3
110,70,[ 1 CHIáº¾C] BÄƒng báº£o vá»‡ cá»• tay trÃ¡nh cháº¥n thÆ°Æ¡ng AOLIKES A33- BÄƒng cá»• tay há»• trá»£ chÆ¡i thá»ƒ thao xá» ngÃ³n,Äen,2
111,71,BÃ´ng Lau Tay NhÃ  Báº¿p,,1
112,71,LÆ°á»›i Inox Lá»c RÃ¡c Bá»“n Rá»­a Chá»‘ng Táº¯c Ngháº½n KhÃ´ng Gá»‰,,2
113,71,SET BAO TÃšI LÆ¯á»šI Lá»ŒC RÃC CHO Bá»’N Rá»¬A CHÃ‰N BÃT,,2
114,72,ULANZI VL49 - ÄÃ¨n Led Mini TÃ­ch Há»£p Pin Sáº¡c 2000mAh  - HÃ ng ChÃ­nh HÃ£ng,,1
115,73,"Ão len trung niÃªn ná»¯ AD1002, Ão len cho máº¹ cho bÃ  kiá»ƒu dÃ¡ng sang trá»ng tay dÃ i, cháº¥t len dÃ y dáº·n má»m má»‹n máº«u má»›i 2023",TÃ­m cáº©m,1
116,74,"Ão len trung niÃªn ná»¯ AD1002, Ão len cho máº¹ cho bÃ  kiá»ƒu dÃ¡ng sang trá»ng tay dÃ i, cháº¥t len dÃ y dáº·n má»m má»‹n máº«u má»›i 2023",Äá»,1
117,75,CÃ¡p sáº¡c USB 2.0 A sang Type C Ugreen US288 | DÃ²ng sáº¡c 3A 15W 18W | Há»— trá»£ QC 3.0 | Báº£o HÃ nh 1 Ä‘á»•i 1 18 ThÃ¡ng,60126 1m ÄEN,1
118,76,cÃ¢y Ä‘uÃ´i chá»“n (háº§u vÄ© tÃ³c) khÃ´,,1
119,77,SÃ¡ch - Barron's Essential Words For The TOEIC (6th Edition) - First News,,1
120,78,Dáº§u GiÃ³ Xanh ThiÃªn Tháº£o 12ml (100% CHÃNH HÃƒNG cÃ³ Ä‘áº§y Ä‘á»§ hÃ³a Ä‘Æ¡n VAT),,3
121,79,"á»” cáº¯m Ä‘iá»‡n cÃ³ dÃ¢y GONGNIU chÃ­nh hÃ£ng V3040, 4 Ã´ cáº¯m, 4 cÃ´ng táº¯c, chá»‘ng chÃ¡y, báº£o hÃ nh 36 thÃ¡ng.",3M,1
122,80,"á»” cáº¯m Ä‘iá»‡n cÃ³ dÃ¢y GONGNIU chÃ­nh hÃ£ng V1060, 6 Ã´ cáº¯m, 1 cÃ´ng táº¯c, chá»‘ng chÃ¡y, báº£o hÃ nh 36 thÃ¡ng.",3M,1
123,81,"XÃ´ Nhá» Nhá»±a, XÃ´ NÆ°á»›c - 4L/6L/8L - Nhá»±a Nam DÆ°Æ¡ng  - Vua Äá»“ Gia Dá»¥ng Kazoku [XKM]","Cam,8 LÃ­t (KhÃ´ng Náº¯p)",1
124,81,"XÃ´ Nhá» Nhá»±a, XÃ´ NÆ°á»›c - 4L/6L/8L - Nhá»±a Nam DÆ°Æ¡ng  - Vua Äá»“ Gia Dá»¥ng Kazoku [XKM]","Xanh LÃ¡,8 LÃ­t (CÃ³ Náº¯p)",1
125,82,Kem ÄÃ¡nh RÄƒng P/S Ngá»«a SÃ¢u RÄƒng VÆ°á»£t Trá»™i,N SÃ¢u RÄƒng 180g Táº¶NG,1
126,82,NÆ°á»›c rá»­a tay Lifebuoy Báº£o vá»‡ khá»i vi khuáº©n 450gr (CHAI),Than Date 3/2024,1
127,82,Dáº§u gá»™i X-Men Clean & Fresh Sáº¡ch SÃ¢u & Khoáº» MÆ°á»£t 630g,2 in 1 Sáº¡ch GÃ u,1
128,83,"Há»™p 500 cÃ¢y tÄƒm bÃ´ng rÃ¡y tai Cotton Swabs, set 500 tÄƒm bÃ´ng rÃ¡y tai 2 Ä‘áº§u tiá»‡n lá»£i, an toÃ n vá»‡ sinh tháº¥m hÃºt tá»‘t",â—¾Há»˜P 500 T.BÃ”NG/C096,1
129,83,"Cá»‘c Nhá»±a Chia Váº¡ch Äo LÆ°á»ng NhÃ  Báº¿p, PhÃ²ng ThÃ­ Nghiá»‡m Loáº¡i Trong Suá»‘t, Chá»¯ Kháº¯c RÃµ RÃ ng, Dá»… DÃ ng Vá»‡ Sinh, Nhiá»u Size",LY CHIA Váº CH 200ML,2
130,83,"Set 20 ViÃªn Long NÃ£o Khá»­ MÃ¹i Äuá»•i CÃ´n TrÃ¹ng GiÃ¡n, Chuá»™t Cho Tá»§ Quáº§n Ão",#LONG NÃƒO THUáº¬N AN,1
131,83,"Khay xÃ  phÃ²ng lÆ°á»›i 2 lá»›p, ká»‡ Ä‘á»ƒ xÃ  phÃ²ng nhÃ  táº¯m cÃ³ ngÄƒn Ä‘á»±ng, thoÃ¡t nÆ°á»›c xÃ  phÃ²ng, thiáº¿t káº¿ Ä‘Æ¡n giáº£n gá»n nháº¹",â—¾KHAY 2 Lá»šP/B380,2
132,83,"NhÃ­p Gáº¯p Má»¥n Cháº¥t Liá»‡u ThÃ©p KhÃ´ng Gá»‰, NhÃ­p Láº¥y Má»¥n Tháº§n ThÃ¡nh Äáº§u Cong Chuáº©n, An ToÃ n Khi Sá»­ Dá»¥ng",â—¾NHÃP NHá»” LÃ”NG/B126,2
133,83,"NhÃ­p Gáº¯p Má»¥n Cháº¥t Liá»‡u ThÃ©p KhÃ´ng Gá»‰, NhÃ­p Láº¥y Má»¥n Tháº§n ThÃ¡nh Äáº§u Cong Chuáº©n, An ToÃ n Khi Sá»­ Dá»¥ng",â—¾NHÃP Gáº®P Má»¤N/B144,2
134,83,BÃ´ng Táº¯m LÆ°á»›i TrÃ²n Táº¡o Bá»t 2 MÃ u LÆ°á»›i SiÃªu Má»m,â—¾BÃ”NG Táº®M TRÃ’N/B090,2
135,84,Dáº¦U XOA BÃ“P,,1
136,85,"Tripod Ä‘iá»‡n thoáº¡i ChÃ¢n mÃ¡y áº£nh YUNTENG VCT-668 táº·ng kÃ¨m káº¹p Ä‘iá»‡n thoáº¡i, tÃºi xÃ¡ch tiá»‡n dá»¥ng",Tripod VCT-668,1
137,86,1kg cÃ¢y Æ°ng báº¥t báº¡c khÃ´ loáº¡i 1,"1kg,Æ°ng báº¥t báº¡c",1
138,87,Bá»™ BÃ n cháº£i P/S LÃ´ng TÆ¡ SiÃªu Má»m - Mua 2 Táº·ng 1,,2
139,88,Sá»• lÃ² xo A5 200 trang Grand TMG-8542 148 x 210cm giáº¥y 70gsm,Sá»”_LÃ’XO_A5_200_TRANG,3
140,89,"Loa Bluetooth Marshall M12 phiÃªn báº£n Stockwell II má»›i nháº¥t,loa mini khÃ´ng dÃ¢y bass Ã¢m thanh lá»›n cá»±c Ä‘á»‰nh cÃ³ cháº¿ Ä‘á»™ BH",M9 mini,1
141,90,Vention Äáº§u Sáº¡c Nhanh Cá»‘c sáº¡c nhanh usb C 65W GaN 3 Cá»•ng QC4.0 3.0 PD 3.0 Type C,"Bá»™ sáº¡c Black-US,65w",1
142,91,Bá»™ PhÃ¢n BÃ³n CÃ¡c Giai Äoáº¡n Cho Hoa Ly,,2
143,92,"Cháº­u dÃ¢y lÃ¡ mÆ¡ lÃ´ng, lÃ¡ mÆ¡ tÃ­m, lÃ¡ mÆ¡ tÃ­a, lÃ¡ mÆ¡ tam thá»ƒ. Giao há»a tá»‘c tp HCM",,2
144,93,"Quáº§n short Ä‘Ã¹i nam cháº¥t mango má»‹n, mÃ¡t cao cáº¥p LADOS-4099 cÃ³ dÃ¢y rÃºt, tÃºi tiá»‡n lá»£i, dáº¡o phá»‘, táº­p gym, cháº¡y bá»™","Äen,M",1
145,93,"Quáº§n short Ä‘Ã¹i nam cháº¥t mango má»‹n, mÃ¡t cao cáº¥p LADOS-4099 cÃ³ dÃ¢y rÃºt, tÃºi tiá»‡n lá»£i, dáº¡o phá»‘, táº­p gym, cháº¡y bá»™","XÃ¡m chÃ¬,L",1
146,94,MÃ¡y xÃ´ng Ä‘uá»•i muá»—i vÃ  lá» tinh dáº§u Jumbo Vape,Combo 2 lá» Sakura,2
147,95,"Cá»§ ly kÃ©p, ly cao thÆ¡m HÃ  Lan (táº·ng kÃ¨m phÃ¢n)",VÃ ng size 16/18,2
148,95,"Cá»§ ly kÃ©p, ly cao thÆ¡m HÃ  Lan (táº·ng kÃ¨m phÃ¢n)",Tráº¯ng size 16/18,2
149,95,"Cá»§ ly kÃ©p, ly cao thÆ¡m HÃ  Lan (táº·ng kÃ¨m phÃ¢n)",Äá»  size 16/18,2
150,95,"Cá»§ ly kÃ©p, ly cao thÆ¡m HÃ  Lan (táº·ng kÃ¨m phÃ¢n)",Há»“ng phai size 16/18,2
151,95,"Cá»§ ly kÃ©p, ly cao thÆ¡m HÃ  Lan (táº·ng kÃ¨m phÃ¢n)",Há»“ng size 16/18,2
152,96,Äinh tháº» - Ä‘inh lÃ¡ - Ä‘inh háº¡t dÆ°a - há»™p 10.000 cÃ¢y dÃ¹ng báº¥m khung tranh áº£nh,,1
153,97,"Dung dá»‹ch pha nÆ°á»›c phun HANTOX-200 Chai 50ml Sx táº¡i VN, Diá»‡t ruá»“i, muá»—i, kiáº¿n, giÃ¡n, ráº­n, ve, gháº», bá» chÃ©t, mÃ²ng, máº¡t gÃ ",,2
154,98,Combo 2kg tháº­p cáº©m sáº¥y (TrÃ¡i CÃ¢y Sáº¥y hÃ ng vá»¥n),2kg,1
155,99,[HCM] Nhang Ngáº£i Cá»©u TUá»† Háº¢I ÄÆ¯á»œNG - HÃ ng chÃ­nh hÃ£ng - Ngáº£i Trung 10 CÃ¢y,1 GÃ³i,1
156,100,[CHÃNH HÃƒNG) Cao Gáº¯m Äen Gáº¯m Äá» NguyÃªn Cháº¥t Tr.á»‹  Gut VÃ  X.Æ°Æ¡ng Khá»›pp ( Chuáº©nn Lai ChÃ¢u ),100gr Gáº¯m Äen,1
157,101,"CÃ¢n tiá»ƒu ly Ä‘iá»‡n tá»­ lÃ m bÃ¡nh loáº¡i 1g-5kg, Ä‘á»™ chÃ­nh xÃ¡c cao, nhá» gá»n, tiá»‡n dá»¥ng",CÃ¢n i3000 0.1-3kg,1
158,102,MÃ¡y massage cáº§m tay Ä‘áº¥m lÆ°ng cÃ³ chá»©c nÄƒng lÃ m nÃ³ng 4 Ä‘áº§u 8 cháº¿ Ä‘á»™ cao cáº¥p Smartrend MSÄ,Äen (Há»™p chá»‘ng sá»‘c),1
159,103,Lá»“ng nuÃ´i gÃ  nuÃ´i chim báº±ng káº½m Ä‘á»§ kÃ­ch thÆ°á»›c,"80x50x40,Lá»“ng+mÃ¡ng+2 khay",1
160,104,á»” cá»©ng SSD Kioxia (TOSHIBA) Exceria Plus G2 500GB M.2 PCIe Gen3 x4 BiCS FLASH LRD20Z500GG8,,1
161,105,Combo 2kg tháº­p cáº©m sáº¥y (TrÃ¡i CÃ¢y Sáº¥y hÃ ng vá»¥n),2kg,1
162,106,"(GIÃ Há»¦Y DIá»†T) CÃ¡p sáº¡c RAVPower USB-A to L dÃ i 1M, siÃªu bá»n RP-CB030 chÃ­nh hÃ£ng | Báº£o hÃ nh 12 thÃ¡ng",,1
163,107,MÃ¡y xÃ´ng tinh dáº§u Ä‘uá»•i muá»—i - Lá» tinh dáº§u Ä‘uá»•i muá»—i cá»§a CÃ´ng ty Jumbo Nháº­t Báº£n,"Tinh dáº§u hoa sakura,45 ngÃ y",1
164,107,MÃ¡y xÃ´ng tinh dáº§u Ä‘uá»•i muá»—i - Lá» tinh dáº§u Ä‘uá»•i muá»—i cá»§a CÃ´ng ty Jumbo Nháº­t Báº£n,"Äáº§u cáº¯m hÆ°Æ¡ng lily,45 ngÃ y",1
165,108,"BÃ¡nh xe loa kÃ©o 5 phÃ¢n , bÃ¡nh xe Ä‘áº©y (giÃ¡ bÃ¡n 1 bá»™ 4 cÃ¡i: 2 cÃ¡i xoay vÃ  2 cÃ¡i khÃ³a)",,1
166,109,Sá»• lÃ² xo A5 200 trang Grand TMG-8542 148 x 210cm giáº¥y 70gsm,Sá»”_LÃ’XO_A5_200_TRANG,4
167,110,á»” cáº¯m Ä‘iá»‡n Ä‘a nÄƒng Gongniu GNVN V1060-1080- CÃ´ng suáº¥t 10A/250V/2500W - HÃ ng chÃ­nh hÃ£ng 100% báº£o hÃ nh toÃ n quá»‘c 3 nÄƒm,V1080-3M,1
168,111,"á»” cáº¯m Ä‘iá»‡n Gongniu 3 á»• 1 cÃ´ng táº¯c dÃ¢y dÃ i 3m, 5m cÃ´ng suáº¥t 2500W/10A - Tá»•ng kho kim khÃ­ Ä‘iá»‡n nÆ°á»›c","3m,4 lá»—",1
169,112,"Sim 4G iTel Data 4Gb/NgÃ y (120Gb/ThÃ¡ng) Gá»i Miá»…n PhÃ­ Ná»™i Máº¡ng & VinaPhone, Free 60 SMS, GiÃ¡ SiÃªu Ráº», Sim Sá»‘ Äáº¹p Tá»± Chá»n",ÄUÃ”I 66-88-99 FREE 1,1
170,113,[MÃ£ SGTTC40K giáº£m Ä‘áº¿n 40K Ä‘Æ¡n 50K] Gháº¿ vá»›t táº¡ gháº¿ táº­p táº¡ Ä‘a nÄƒng gháº¿ khá»i Ä‘á»™ng gháº¿ bÄƒng há»™p REEFIT-208310,,1
171,114,[MÃ£ ELBMO2 giáº£m 12% Ä‘Æ¡n 500K] Ugreen Cá»‘c Sáº¡c Nhanh GaN 100W USB C PD 4 Cá»•ng USB Type C Cho iPhone Samsung,ğŸã€Non-GaNã€‘100W CN+1m Cable,1
172,115,MÃ¡y massage cáº§m tay Ä‘áº¥m lÆ°ng cÃ³ chá»©c nÄƒng lÃ m nÃ³ng 4 Ä‘áº§u 8 cháº¿ Ä‘á»™ cao cáº¥p Smartrend MSÄ,Äen (Há»™p chá»‘ng sá»‘c),1
173,116,Balo CÃ´ng Sá»Ÿ Äá»±ng Laptop 15.6 inch Cao Cáº¥p PRAZA BLS0187 (DÃ²ng Cao Cáº¥p),XANH NAVY,1
174,117,Sáº¡c mÃ¡y áº£nh Ravpower cho Sony NP-BX1,,1
175,118,âœ”ï¸ TÃºi Äeo HÃ´ng Nhiá»u NgÄƒn Nhá» Gá»n Tiá»‡n Lá»£i,Äen,1
176,119,Ná»“i cÆ¡m Ä‘iá»‡n Kim CÆ°Æ¡ng 0.3 lÃ­t náº¯p kÃ­nh rá»i - BX0101,,1
177,120,Hoa Äu Äá»§ Äá»±c TÆ°Æ¡i NgÃ¢m Máº­t Ong Hoa CÃ  PhÃª VÃ¢n Long HÅ© 500ml - VL45,500ml,1
178,121,"GiÃ¡ Ä‘á»¡ Äiá»‡n thoáº¡i Ä‘á»ƒ bÃ n chÃ¢n Ä‘á»©ng dáº¡ng káº¹p livestream, lÆ°á»›t web, xem video xoay 360 Äá»™",,2
179,122,"Äiáº¿u Ngáº£i Cá»©u - HÆ°Æ¡ng Ngáº£i Cá»©u Gia Truyá»n ( gÃ³i 8, 10 cÃ¢y )",GÃ³i 10 cÃ¢y,2
180,123,"GiÃ¡ Ä‘á»¡ Äiá»‡n thoáº¡i Ä‘á»ƒ bÃ n chÃ¢n Ä‘á»©ng dáº¡ng káº¹p livestream, lÆ°á»›t web, xem video xoay 360 Äá»™",,1
181,124,Dáº§u TIEH TA YAO GIN ( Tráº¡ch Táº£ DÆ°á»£c Tinh ),,1
182,125,Bá»™ 2 Pin+Dock sáº¡c ba Kingma cho Sony NP-BX1 KÃ¨m há»™p chá»‘ng áº©m,Láº» pin,1
183,126,(GIÃ BÃN Táº I  VÆ¯á»œN )1kg CÃ€ GAI LEO KHÃ” HOÃ€ BÃŒNHğŸŒ±[FREESHIP] MÃ¡t gan -dltd,,3
184,127,(GIÃ BÃN Táº I  VÆ¯á»œN )1kg CÃ€ GAI LEO KHÃ” HOÃ€ BÃŒNHğŸŒ±[FREESHIP] MÃ¡t gan -dltd,,3
185,128,[Há»a tá»‘c HCM] Há»™p nhá»±a Ä‘á»±ng thá»±c pháº©m White Pack ná»™i Ä‘á»‹a Nháº­t Báº£n,Há»™p 900ml-1302,2
186,129,âœ”ï¸ TÃºi Äeo HÃ´ng Nhiá»u NgÄƒn Nhá» Gá»n Tiá»‡n Lá»£i,Äen,1
187,130,ULANZI PT-7 - HÃ€NG CHÃNH HÃƒNG - GiÃ¡ Ä‘á»¡ / Thanh má»Ÿ rá»™ng Ä‘a nÄƒng,,1
188,131,"Tai Nghe Äiá»‡n Thoáº¡i NhÃ©t Tai QKZ AK6 Jack 3.5 CÃ³ DÃ¢y Bass áº¤m (  Trong Suá»‘t, GiÃ¡ Ráº», Gaming, ChÆ¡i Game Thá»§, Nghe Nháº¡c )",QKZ AK6 / Trong Suá»‘t,1
189,132,ğŸ”¥ GIÃ Sá»ˆ ğŸ”¥ DÃ¢y Äeo Ngá»±c Cho Äiá»‡n Thoáº¡i LÃ m Camera HÃ nh TrÃ¬nh Äá»ƒ Quay Phim,DÃ‚Y ÄEO CHO GO PRO,1
190,132,"MÃ ng lá»c giÃ³ filter cho micro, thu Ã¢m live livestream",MÃ€NG Lá»ŒC GIÃ“,1
191,133,(GIÃ BÃN Táº I  VÆ¯á»œN )1kg CÃ€ GAI LEO KHÃ” HOÃ€ BÃŒNHğŸŒ±[FREESHIP] MÃ¡t gan -dltd,,2
192,134,(GIÃ BÃN Táº I  VÆ¯á»œN )1kg CÃ€ GAI LEO KHÃ” HOÃ€ BÃŒNHğŸŒ±[FREESHIP] MÃ¡t gan -dltd,,1
193,135,Cozy ÄÃ o HÃ²a Tan,,3
194,136,Tháº» Mobi 20k,,1
195,137,Tháº» Mobi 20k,,1
196,138,"Ão khoÃ¡c dÃ¹ unisex 2 máº·t LADOS - 2015 cháº¥t liá»‡u chá»‘ng tháº¥m cao cáº¥p , Máº·c Ä‘Æ°á»£c 2 máº·t cá»±c ká»³ tiá»‡n lá»£i","Xanh má»±c - Äen,M(45-58kg)",1
197,139,[MÃ£ COS0404 giáº£m 10% Ä‘Æ¡n 300K] TÄƒm BÃ´ng NgoÃ¡y Tai TÃºi 100 Que ThÃ¢n Gá»— [ThÃ¢n Thiá»‡n Vá»›i MÃ´i TrÆ°á»ng],,7
198,140,"Mouse Pad, Miáº¿ng LÃ³t Chuá»™t Cá»¡ Lá»›n, BÃ n Di Chuá»™t Minimalism Desk Mat 900x400 800x300 Ä‘á»™ dÃ y 4 mm","DM04,80x30x0.4cm",1
199,141,CHUá»˜T LOGHITECH B100 (CÃ“ DÃ‚Y),,1
200,142,á»• cá»©ng di Ä‘á»™ng/ USB Sandisk 128GB (SDCZ73-G46) Ultra - Báº£o hÃ nh 60 thÃ¡ng,64GB,1
201,143,Skmei tiá»‡n lá»£i-Dá»¥ng cá»¥ tá»‰a lÃ´ng mÅ©i cao cáº¥p-keÌo caÌ†Ìt loÌ‚ng muÌƒi,,2
202,144,Há»™p 20 cÃ¢y BÃºt Bi ThiÃªn Long TL-08,MÃ u sáº¯c Xanh,1
203,145,"Thuá»‘c diá»‡t chuá»™t storm gÃ³i 4 viÃªn, gÃ³i 20 viÃªn","1 gÃ³i,GÃ³i 20v",2
204,146,"Ão MÆ°a Nam Size Lá»›n Raincoat Men XXL 1m4 ( Thá»i Trang Cao Cáº¥p Ão KhoÃ¡c MÄƒng tÃ´, DÃ i Form Rá»™ng DÃ¢y KÃ©o KhÃ³a Chá»‘ng NÆ°á»›c )","KÃ‰O Tá»‘t / Xanh DÆ°Æ¡ng,1m2 (Cao <165cm)",1
205,146,"Ão MÆ°a Nam Size Lá»›n Raincoat Men XXL 1m4 ( Thá»i Trang Cao Cáº¥p Ão KhoÃ¡c MÄƒng tÃ´, DÃ i Form Rá»™ng DÃ¢y KÃ©o KhÃ³a Chá»‘ng NÆ°á»›c )","KÃ‰O Tá»‘t / XÃ¡m,1m2 (Cao <165cm)",1
206,147,Sá»• lÃ² xo A5 200 trang Grand TMG-8542 148 x 210cm giáº¥y 70gsm,Sá»”_LÃ’XO_A5_200_TRANG,2
207,147,Sá»• lÃ² xo Grand A7 dÃ y 200 trang TMG-8545 cÃ³ kÃ­ch thÆ°á»›c ráº¥t nhá»,. LÃ’ XO CHIá»€U NGáº®N,2
208,147,Sá»• lÃ² xo Grand A7 dÃ y 200 trang TMG-8545 cÃ³ kÃ­ch thÆ°á»›c ráº¥t nhá»,LÃ’ XO THEO CHIá»€U DÃ€I,2
209,148,KhoÃ¡ dÃ¢y cÃ¡p Onika chÃ­nh hÃ£ng dÃ y 22mm dÃ i 800mm,,1
210,149,"Thuá»‘c diá»‡t chuá»™t storm gÃ³i 4 viÃªn, gÃ³i 20 viÃªn","1 gÃ³i,GÃ³i 20v",2
211,150,"Báº«y Äáº­p Chuá»™t, Äáº¿ Báº±ng Gá»—, Äáº­p KhÃ´ng VÃªnh Báº«y , Báº¯t Táº¥t Cáº£ Loáº¡i Chuá»™t Lá»›n Nhá»",,2
212,151,Ão polo nam cÃ³ cá»• nhiá»u mÃ u váº£i thun cÃ¡ sáº¥u 4 chiá»u cotton chuáº©n form cao cáº¥p Chiaro,"Xanh Äen,M",1
213,151,Ão polo nam cÃ³ cá»• nhiá»u mÃ u váº£i thun cÃ¡ sáº¥u 4 chiá»u cotton chuáº©n form cao cáº¥p Chiaro,"Xanh Nháº¡t,M",1
214,151,Ão polo nam cÃ³ cá»• nhiá»u mÃ u váº£i thun cÃ¡ sáº¥u 4 chiá»u cotton chuáº©n form cao cáº¥p Chiaro,"Äen,M",1
215,152,DÃ¢y nguá»“n mÃ¡y tÃ­nh tá»‘t 1.8m,,3
216,153,á»” cáº¯m Ä‘iá»‡n Ä‘a nÄƒng Gongniu GNVN V1060-1080- CÃ´ng suáº¥t 10A/250V/2500W - HÃ ng chÃ­nh hÃ£ng 100% báº£o hÃ nh toÃ n quá»‘c 3 nÄƒm,V1060-3M,1
217,153,á»” cáº¯m Ä‘iá»‡n Ä‘a nÄƒng Gongniu GNVN-V1030-V1040 - 3 lá»— 1 cÃ´ng táº¯c - CÃ´ng suáº¥t 10A/250V/2500W- HÃ ng chÃ­nh hÃ£ng 100% báº£o hÃ nh,V1040-3M,1
218,154,Äá»’ CHÆ I Vá»ŠT BÃ“P Xáº¢ STRESS/ Squishy Vá»‹t BÃ³p GIáº¢M CÄ‚NG THáº²NG CUTE cháº¥t lÆ°á»£ng Ä‘áº£m báº£o,Há»“ng,1
219,154,Heo Há»“ng BÃ³p Xáº£ Stress/Heo Há»“ng Squishy Dáº»o BÃ³p Má»m giáº£m cÄƒng tháº³ng cháº¥t lÆ°á»£ng Ä‘áº£m báº£o,,1
220,155,GiÃ¡ Ä‘á»¡ Ä‘iá»‡n thoáº¡i 3 chÃ¢n dÃ¹ng trÃªn xe hÆ¡i tiá»‡n lá»£i,,2
221,155,ChÃ¢n ná»‘i giÃ¡ Ä‘á»¡ camera banh xoay 360 Ä‘á»™ vÃ­t 1/4inch,,1
222,156,"CÃ¡p HDMI sang VGA, Chuyá»ƒn Ä‘á»•i HDMI to VGA Cable Full HD",,1
223,157,"ViÃªn sá»§i Oresol Pluz tÄƒng cÆ°á»ng sá»©c Ä‘á» khÃ¡ng, giáº£i khÃ¡t, bÃ¹ nÆ°á»›c vÃ  Ä‘iá»‡n giáº£i (10 viÃªn)",5 TUÃP,1
224,158,ORESOL -3B BÃ¹ NÆ°á»›c VÃ  Cháº¥t Äiá»‡n Giáº£i,,2
225,159,"Ão MÆ°a Nam Size Lá»›n Raincoat Men XXL 1m4 ( Thá»i Trang Cao Cáº¥p Ão KhoÃ¡c MÄƒng tÃ´, DÃ i Form Rá»™ng DÃ¢y KÃ©o KhÃ³a Chá»‘ng NÆ°á»›c )","KÃ‰O Tá»‘t / X. Äáº­m,1m2 (Cao <165cm)",1
226,160,KÃ­nh lÃ£o thá»‹ viá»…n thá»‹ Ä‘á»c sÃ¡ch trung niÃªn nam ná»¯ cao cáº¥p hÃ ng tá»‘t máº¯t sÃ¡ng vÃ  rÃµ cá»±c Ã´m vÃ  nháº¹,"2 Ä‘á»™,KhÃ´ng há»™p",3
227,161,Ca náº¥u mÃ¬ náº¥u láº©u mini inox siÃªu tá»‘c size 18cm,Lá»“ng háº¥p nhá»±a,1
228,162,"ViÃªn Muá»‘i Tinh SeaSalt - NaCl 0,9% Lá» 50 ViÃªn - ViÃªn Muá»‘i Sinh LÃ½ Tá»± Pha Dung Dá»‹ch NÆ°á»›c Muá»‘i SÃºc Miá»‡ng Vá»‡ Sinh HÃ ng NgÃ y",,2
229,163,MUá»I TIÃŠU CHANH á»šT / LÃ CHANH TÃ‚Y NINH DH FOODS 120g,Muá»‘i tiÃªu chanh á»›t,2
230,163,MUá»I TIÃŠU CHANH á»šT / LÃ CHANH TÃ‚Y NINH DH FOODS 120g,Muá»‘i tiÃªu lÃ¡ chanh,2
231,164,Cá»§ sáº¡c nhanh UGREEN 5V 2.1A vá»›i Ä‘áº§u cáº¯m Eu cháº¥t lÆ°á»£ng cao,Black,1
232,164,DÃ¢y cÃ¡p sáº¡c nhanh/ truyá»n dá»¯ liá»‡u UGREEN 3A Ä‘áº§u cáº¯m TypeC USB sang Type C,Black+1.5m,1
233,165,[MÃ£ PET20K giáº£m 20K Ä‘Æ¡n 250K] THUá»C DIá»†T KIáº¾N GIÃN Sinh Há»c ANBIO Chai 10ml Xuáº¥t xá»© Viá»‡t Nam - Pet shop Uytinpro,,2
234,165,"Dung dá»‹ch pha nÆ°á»›c phun HANTOX-200 Chai 50ml Sx táº¡i VN, Diá»‡t ruá»“i, muá»—i, kiáº¿n, giÃ¡n, ráº­n, ve, gháº», bá» chÃ©t, mÃ²ng, máº¡t gÃ ",,1
235,166,"NÆ°á»›c rá»­a trÃ²ng kÃ­nh , dung dá»‹ch vá»‡ sinh máº¯t kÃ­nh chÃ­nh hÃ£ng TAMANHOPTICAL",,1
236,166,"( Ráº» vÃ´ Ä‘á»‹ch ) KÃ­nh viá»…n thá»‹ lÃ£o thá»‹ Ä‘á»c sÃ¡ch , Ä‘i Ä‘Æ°á»ng gá»ng nhá»±a Ä‘á»§ sá»‘ giÃ¡ ráº»","+2,00",1
237,166,[Phá»¥ kiá»‡n máº¯t kÃ­nh] Combo 10 chiáº¿c khÄƒn lau kÃ­nh,,1
238,166,Bá»˜ VE Äá»†M MÅ¨I Gá»ŒNG KÃNH Má»€M Máº I CHá»NG TRÆ¯á»¢T KÃNH,1 Ä‘Ã´i,1
239,167,HEO NHá»°A BIG SIZE 28cm HÃ€NG CAO Cáº¤P,"Ngáº«u nhiÃªn,28cm",1
240,167,BÃºt dáº¡ dáº§u viáº¿t cd (bÃºt vÄ©nh cá»­u) khÃ´ng trÃ´i,"Äá»,Free",1
241,167,BÃºt dáº¡ dáº§u viáº¿t cd (bÃºt vÄ©nh cá»­u) khÃ´ng trÃ´i,"Xanh Ä‘en,Free",1
242,168,Bá»™ 2 Pin+Dock sáº¡c ba Kingma cho Sony NP-BX1 KÃ¨m há»™p chá»‘ng áº©m,Pin Láº»,1
243,169,Cháº£o Chá»‘ng DÃ­nh  VÃ¢n Tá»• Ong SÃ¢u LÃ²ng Size 32 CM Náº¥u Canh XÃ o Kho Thoáº£i MÃ¡i,,1
244,170,Cá»§ sáº¡c nhanh UGREEN 5V 2.1A vá»›i Ä‘áº§u cáº¯m Eu cháº¥t lÆ°á»£ng cao,Black,1
245,171,SALE Lá»– _ ThÃ¹ng 24 Chai NÆ°á»›c Ngá»t Revive Muá»‘i KhoÃ¡ng 500ml,,1
246,172,BÃ n cháº£i P/S LÃ´ng TÆ¡ SiÃªu Má»m,,1
247,172,Kem Ä‘Ã¡nh rÄƒng P/S ngá»«a sÃ¢u rÄƒng 180g táº·ng P/s 30g,,1
248,173,"CÃ¡p sáº¡c nhanh Micro USB 2.0A UGREEN US290 Ä‘á»™ dÃ i tá»« 0.25m Ä‘áº¿n 2m, vá» sá»£i bá»‡n siÃªu bá»n",60147 XÃ¡m Ä‘en 1.5m,2
249,174,Bá»™ Xáº¿p Cá»‘c Tá»‘c Äá»™ Yuxin Sport Cup Speed Stacking Size Äáº¡i,Äá»  Size Lá»›n,1
250,174,Bá»™ Xáº¿p Cá»‘c Tá»‘c Äá»™ Yuxin Sport Cup Speed Stacking Size Äáº¡i,VÃ ng Size Lá»›n,1
251,175,SALE Lá»– _ ThÃ¹ng 24 Chai NÆ°á»›c Ngá»t Revive Muá»‘i KhoÃ¡ng 500ml,,1
252,176,âœ…[LOáº I THÆ¯á»¢NG Háº NG] ÄÃ´ng TrÃ¹ng Háº¡ Tháº£o 100gr Sáº¥y KhÃ´ Sá»£i To Ngon HÃ ng Cao Cáº¥p Bá»“i Bá»• CÆ¡ Thá»ƒ,200gr,1
253,177,Bá»™ Xáº¿p Cá»‘c Tá»‘c Äá»™ Yuxin Sport Cup Speed Stacking Size Äáº¡i,Xanh LÃ¡  Size Lá»›n,1
254,177,"[Phá»¥ kiá»‡n Rubik] DÃ¢y/ CÃ¡p Káº¿t Ná»‘i QiYi Timer Vá»›i MÃ¡y TÃ­nh, Äiá»‡n Thoáº¡i, Display ChÃ­nh HÃ£ng - QiYi Timer Data Cord",,1
255,178,"[CHá»NG NÆ¯á»šC] Táº¥m lÃ³t chuá»™t, bÃ n di chuá»™t game cá»¡ lá»›n","Cá» VN (C/ NÆ¯á»šC),80x30x0.3",1
256,178,"[CHá»NG NÆ¯á»šC] Táº¥m lÃ³t chuá»™t, bÃ n di chuá»™t game cá»¡ lá»›n","VanGo-1 (C /NÆ¯á»šC),80x30x0.3",1
257,179,"CÃ¡p Sáº¡c Nhanh SiÃªu Bá»n UGREEN Type C US288 - Äáº§u Báº±ng Há»£p Kim, DÃ²ng 3A TÆ°Æ¡ng ThÃ­ch Vá»›i CÃ¡c Thiáº¿t Bá»‹ Android",UGREEN Vá» NYLON Bá»†N,1
258,179,Cá»§ Sáº¡c Nhanh UGREEN QC 3.0 18W Cháº¥t LÆ°á»£ng Cao Há»— Trá»£ QC 3.0 DÃ nh Cho Samsung Xiaomi Oppo Realme Vsmart VÃ  MÃ¡y TÃ­nh Báº£ng,"UGREEN 10,5W",1
259,180,ã€Ná»˜I Äá»ŠA THÃIã€‘ Chai Xá»‹t Äuá»•i Chuá»™t Rat Off - Anti Rat Spray ThÃ¡i Lan (CÃ³ Tem VÃ ng),,2
260,181,Quáº¡t cáº§m tay mini tÃ­ch Ä‘iá»‡n GAABOR GFH-N78A sáº¡c USB di Ä‘á»™ng tiá»‡n lá»£i - HÃ ng chÃ­nh hÃ£ng,,1
261,182,TÃºi chÆ°á»m nÃ³ng láº¡nh Hoáº¡t HÃ¬nh dá»… thÆ°Æ¡ng lÃ´ng má»‹n giáº£m Ä‘au háº¡ sá»‘t,BÃ© Ã´mGáº¥u-Há»“ng450ml,1
262,182,MÃ¨o bÃ©o bÃ³p giáº£m stress - ThÃº dáº»o bÃ³p giáº£m stress MÃ¨o BÃ©o - Heo Há»“ng - ChÃ³ Shiba - Vá»‹t VÃ ng dáº¡ng mochi silicon bÃ³p dáº»o,Heo CÃ¡t dáº»o,1
263,183,"Phá»¥ kiá»‡n Rubik Sticker Gan, Valk, GTS","GTS, GTSv2 Äen",1
264,183,Moyu Aolong V2 Flagship SiÃªu giáº£m giÃ¡,V2 Stickerles,1
265,183,Rubik 3x3x3. FlagShip SiÃªu Giáº£m GiÃ¡ Moyu Meiying Stickerless,Stickerless Äá»,1
266,183,Rubik 3x3x3. Flagship SiÃªu Giáº£m GiÃ¡. Moyu TangLong,3. XÃ¡m,1
267,183,Rubik 3x3x3. Flagship SiÃªu giáº£m giÃ¡. Mars Hiáº¿m,4. Äen Mars S,1
268,184,BÃ¬nh TÆ°á»›i CÃ¢y Phun SÆ°Æ¡ng Dudaco 2L,,1
269,184,Bá»™ Dá»¥ng Cá»¥ LÃ m VÆ°á»n Mini 3 MÃ³n. DÃ nh Cho BÃ© VÃ  NgÆ°á»i Lá»›n,,1
270,185,"Cá»® MAY Náº¸P CÃšC, Náº¸P KHUYáº¾T ÃO SÆ  MI ,CUá»N BIÃŠN - CHUáº¨N THá»¢ Cá»® GÃ LÃ€M",2.5cm,1
271,186,"á»ng Cáº¯m Dao XÃ©o-LÃ m Báº±ng Gá»— ThÃ´ng Tá»± NhiÃªn, Thiáº¿t Káº¿ Hiá»‡n Äáº¡i Tá»‰ Má»‰",á»ng dao xÃ©o,1
272,187,CHáº¢O CHá»NG DÃNH CHáº¢O VÃ‚N Tá»” ONG SÃ‚U LÃ’NG SIZE 32 CM (áº£nh tháº­t),Cháº£o tá»• ong 32cm,1
273,187,"Cháº£o chá»‘ng dÃ­nh, cháº£o sÃ¢u lÃ²ng happycook phi 20-30cm (Äen) khÃ´ng tá»« -  HÃ€NG CHÃNH HÃƒNG, Lá»–I 1 Äá»”I 1",SHS22 Phi 22cm,1
274,188,Bá»™ Dao Cáº¡o RÃ¢u (1 CÃ¡n Cáº¡o + 36 LÆ°á»¡i KÃ©p + Kem Cáº¡o RÃ¢u),,1
275,189,Rubik 3x3 MoYu MeiLong 3M M Series MoYu M MeiLong M Rubic 3 Táº§ng Nam ChÃ¢m Stickerless,,1
276,189,Rubik 3x3 RS3M 2020/ 2021 Maglev MoYu MF3RS3 M Rubic Nam ChÃ¢m 3 Táº§ng Stickerless,RS3M 2020,1
277,189,Rubik 2x2 QiYi 2 Táº§ng QiDi Khá»‘i Láº­p PhÆ°Æ¡ng Rubic 2x2x2 Äá»“ ChÆ¡i ThÃ´ng Minh,,1
278,190,"[CHá»NG NÆ¯á»šC] Táº¥m lÃ³t chuá»™t, bÃ n di chuá»™t game cá»¡ lá»›n","Flat-01 (C/ NÆ¯á»šC),80x30x0.3",1
279,191,[MÃ£ GROXUAN1 giáº£m 8% Ä‘Æ¡n 150K] CÃ  phÃª PHá» bá»‹ch 30 gÃ³i*24g/ HÃ´Ì£p 10 goÌi*24g,BiÌ£ch 30 goÌi,1
280,192,SALE Lá»– _ ThÃ¹ng 24 Chai NÆ°á»›c Ngá»t Revive Muá»‘i KhoÃ¡ng 500ml,,1
281,193,Quáº§n dÃ i nam trÆ¡n quáº§n tÃ¢y váº£i kaki á»‘ng Ä‘á»©ng form chuáº©n cao cáº¥p Chiaro,"XÃ¡m,30",1
282,193,Quáº§n dÃ i nam trÆ¡n quáº§n tÃ¢y váº£i kaki á»‘ng Ä‘á»©ng form chuáº©n cao cáº¥p Chiaro,"Ghi tá»‘i,30",1
283,194,Ão polo nam cÃ³ cá»• nhiá»u mÃ u váº£i thun cÃ¡ sáº¥u 4 chiá»u cotton chuáº©n form cao cáº¥p Chiaro,"Tráº¯ng,M",1
284,194,Ão polo nam cÃ³ cá»• nhiá»u mÃ u váº£i thun cÃ¡ sáº¥u 4 chiá»u cotton chuáº©n form cao cáº¥p Chiaro,"XÃ¡m Lam,M",1
285,195,XÃ  bÃ´ng cá»¥c camay hÆ°Æ¡n nÆ°á»›c hoa 125g,"Äen,125g",1
286,195,Tinh dáº§u Ä‘uá»•i muá»—i Jumbo Vape Nháº­t 45 ngÃ y,"Bá»™ xÃ´ng,25ml",1
287,195,Tinh dáº§u Ä‘uá»•i muá»—i Jumbo Vape Nháº­t 45 ngÃ y,"Cháº¥t xÃ´ng,25ml",1
288,196,LÃ³t chuá»™t cá»¡ lá»›n 80x30cm chuyÃªn game chá»‘ng trÆ¡n trÆ°á»£t siÃªu bá»n siÃªu ráº»,Tá»• Ong Xanh lÃ¡ 8030,1
289,196,LÃ³t chuá»™t cá»¡ lá»›n 80x30cm chuyÃªn game chá»‘ng trÆ¡n trÆ°á»£t siÃªu bá»n siÃªu ráº»,Tá»•ongxanhdÆ°Æ¡ng 8030,1
290,197,Bo máº¡ch chá»§ - Mainboard MSI B360M MORTAR,,1
291,198,Láº¯c tay dÃ¢y rÃºt Eleanor Accessories vÃ²ng tay ná»¯ gold bar kháº¯c chá»¯ Love Dream phá»¥ kiá»‡n trang sá»©c Ä‘áº¹p,MÃ u Báº¡c SP003405,1
292,198,Láº¯c tay dÃ¢y rÃºt Eleanor Accessories vÃ²ng tay ná»¯ gold bar kháº¯c chá»¯ Love Dream phá»¥ kiá»‡n trang sá»©c Ä‘áº¹p,MÃ u VÃ ng SP003404,1
293,199,"BÃ´ng Tai Ná»¯ Eleanor Háº¡t Bi TrÃ²n ÄÃ­nh Pha LÃª Thanh Lá»‹ch, Sang Trá»ng",ÄÃ´i Sá»c Tráº¯ng,1
294,200,Power CM MWE Bronze 500W V2 230V,,1
295,201,[MÃ£ 11ELSALE hoÃ n 7% xu Ä‘Æ¡n 300K] Vá» case Infinity Eclipse M Tempered Glass - Táº·ng 1 Fan KhÃ´ng Led,,1
296,202,"10m Máº¿ch keo, Mex giáº¥y Nháº­t xá»‹n loáº¡i má»ng cÃ³ háº¡t keo khá»• rá»™ng 1m2, mÃ u tráº¯ng Ä‘en",tráº¯ng,1
297,202,kÃ©o báº¥m chá»‰ há»‡u pin,,2
298,203,Sá»” LÃ’ XO PGRAND A5 DÃ€Y / Má»NG - Sá»• vÄƒn phÃ²ng Ä‘áº¹p,DÃ€Y,3
299,203,Ká»‡ rá»• xÃ©o nhá»±a 1 ngÄƒn xukiva,,1
300,204,âœ”FREESHIPâœ”Cá»§ sáº¡c nhanh Hoco C80/C80A-2 cá»•ng sáº¡c USB vÃ  Type-C-sáº¡c nhanh QC3.0 vÃ  PD 20W cho IPHONE IPAD-Cá»C Sáº¡c ANDROID,Cá»C Sáº C 20W(USB-C),1
301,205,"Quáº¡t Táº£n Nhiá»‡t CPU Jonsbo | CR1000, CR1000GT, CR1000 Plus, CR1200, CR1400, T400i",CR1200,1
302,206,Ram 8GB Teamgroup Elite DDR4 2666MHZ Táº£n Äá» Networkhub PhÃ¢n phá»‘i,,1
303,207,CÃ¡p VGA Male to Male Há»— trá»£ Full-HD 1080P Cao Cáº¥p UGREEN,2M,2
304,208,Ram 8GB Teamgroup Elite DDR4 2666MHZ Táº£n Äá» Networkhub PhÃ¢n phá»‘i,,1
305,209,QiYi Timer + DÃ¢y cÃ¡p Cable káº¿t ná»‘i. Äá»“ng Há»“ MÃ¡y Äáº¿m Thá»i Gian Giáº£i Rubik,DÃ¢y Cable,1
306,209,Rubik RS3M 2020 CÃ³ Nam ChÃ¢m. Rubik 3x3 MoYu RS3 M 2020 Plus Sticker & Stickerless Mod Nam ChÃ¢m Ráº» Nháº¥t,RS3M Sticker Äen,1
307,210,[MÃ£ 1010ELSALE hoÃ n 7% Ä‘Æ¡n 300K] Táº£n nhiá»‡t khÃ­ Cooler Master T400i,Led xanh,1
308,211,Äá»“ng Há»“ SpeedStacks Pro Timer Gen 4 Äá»“ng Há»“ ChÆ¡i Rubik Speed Stacks SiÃªu Xá»‹n,,1
309,212,"ÄÃ¨n LED Ulanzi VL49 cho mÃ¡y áº£nh, Ä‘iá»‡n thoáº¡i vÃ  gopro.",,1
310,213,CHUá»˜T LOGHITECH B100 (CÃ“ DÃ‚Y),,1
311,214,"Phá»¥ kiá»‡n Rubik Sticker Gan, Valk, GTS","GTS, GTSv2 FF FB",1
312,214,"Rubik FlagShip SiÃªu Tá»‘t, SiÃªu Bá»n, SiÃªu Hiáº¿m",Aolong GT Tráº¯ng,1
313,214,"Rubik FlagShip SiÃªu Tá»‘t, SiÃªu Bá»n, SiÃªu Hiáº¿m",Yuexiao Tráº¯ng,1
314,215,Rubik 3x3x3. FlagShip SiÃªu Giáº£m GiÃ¡ Moyu Weilong GTS V1 M. Ráº¥t Nhanh. Äá»™ Bá»n Ráº¥t Cao. ÄÃ¡ng Tiá»n Nháº¥t,2. Äen Core Tráº¯ng M,1
315,216,Máº¿ch giáº¥y háº¡t keo ( khá»• 1m ),"Tráº¯ng,1m *1m",6
316,216,Máº¿ch giáº¥y háº¡t keo ( khá»• 1m ),"Äen,1m *1m",6
317,217,Dáº§u GiÃ³ NÆ°á»›c Xanh 2 Náº¯p SingaPore Eagle Brand 24ml,1 chai láº»,3
318,218,SG - Miáº¿ng lÃ³t chÃ¢n bÃ n gháº¿ chá»‘ng trÆ¡n trÆ°á»£t báº±ng cao su xá»‘p,"VuÃ´ng,48 miáº¿ng",1
319,218,SG - Miáº¿ng lÃ³t chÃ¢n bÃ n gháº¿ chá»‘ng trÆ¡n trÆ°á»£t báº±ng cao su xá»‘p,"VuÃ´ng,30 miáº¿ng",1
320,218,SG - Miáº¿ng lÃ³t chÃ¢n bÃ n gháº¿ chá»‘ng trÆ¡n trÆ°á»£t báº±ng cao su xá»‘p,"VuÃ´ng,12 miáº¿ng",1
321,219,ChÃ¢n quay tik tok live stream livestream tÄƒng Ä‘Æ°á»£c mÃ¡y tÄƒng giáº£m Ä‘á»™ cao,:CHÃ‚N 2M+BI Cáº¦U+Káº¸P,1
322,220,Bá»c plastic cao cáº¥p cho sÃ¡ch truyá»‡n (nhiá»u kÃ­ch thÆ°á»›c tÃ¹y chá»n),23cm,1
323,220,Bá»c plastic cao cáº¥p cho sÃ¡ch truyá»‡n (nhiá»u kÃ­ch thÆ°á»›c tÃ¹y chá»n),24cm,4
324,220,Bá»c plastic cao cáº¥p cho sÃ¡ch truyá»‡n (nhiá»u kÃ­ch thÆ°á»›c tÃ¹y chá»n),26.5cm,3
325,221,GiÃ¡ Ä‘á»¡ Ä‘iá»‡n thoáº¡i Tripod gáº¯n xe Ã´ tÃ´ tiá»‡n lá»£i,,1
326,221,ChÃ¢n ná»‘i giÃ¡ Ä‘á»¡ camera banh xoay 360 Ä‘á»™ vÃ­t 1/4inch,,1
327,221,GiÃ¡ Äá»¡ Äiá»‡n Thoáº¡i Xoay 360 Äá»™ 1buycart Ulanzi St 17,,1
328,222,GiÃ¡ Äá»¡ Micro Ulanzi Pt-7 Cháº¥t LÆ°á»£ng Cao,Black,1
329,223,ViÃªm tai giá»¯a Ä‘Ã´ng y gia truyá»n,,1
330,224,Sá»” LÃ’ XO A5 DÃ€Y 200TR / Má»NG 100 TR,DÃ€Y 200TR,3
331,225,"ÄÃ¨n LED TuÃ½p chuyÃªn dÃ¹ng quay Tiktok (120cm, 90cm) - Äá»§ mÃ u siÃªu sÃ¡ng, loáº¡i tá»‘t","90cm,Xanh dÆ°Æ¡ng",1
332,225,"ÄÃ¨n LED TuÃ½p chuyÃªn dÃ¹ng quay Tiktok (120cm, 90cm) - Äá»§ mÃ u siÃªu sÃ¡ng, loáº¡i tá»‘t","90cm,Há»“ng tÃ­m",1
333,226,mÃ¹ng xáº¿p chá»‘ng mÅ©i - mÃ¹ng xáº¿p gáº¥p gá»n,100x190x80cm,1
334,227,[MÃ£ ELFLASH2 hoÃ n 10K xu Ä‘Æ¡n 20K] Äá»‡m tai nghe Qinlian A7 A6 (dáº¡ng ovan) dailyphukien,tráº¯ng,2
335,228,"GiÃ¡ Ä‘á»¡ 3 chÃ¢n Ä‘a nÄƒng siÃªu cao 2 mÃ©t gáº¯n Ä‘Ã¨n led, gáº¯n Ä‘iá»‡n thoáº¡i, mÃ¡y tÃ­nh báº£ng há»— trá»£ livestream, quay video",GiÃ¡ 2 mÃ©t,1
336,229,"Ká»‡ DÃ¡n TÆ°á»ng Äá»ƒ Remote, Äá»“ DÃ¹ng/ GiÃ¡ Äá»¡ Sáº¡c Äiá»‡n Thoáº¡i - CÃ³ MÃ³c Treo Giá»¯ DÃ¢y Äiá»‡n",Ngáº«u nhiÃªn,3
337,230,"Bá»™ 50 tÃºi zip chá»‰ Ä‘á» Ä‘Ã³ng gÃ³i hÃ ng, Ä‘á»±ng thá»±c pháº©m",50 tÃºi (7x10cm),1
338,230,"Bá»™ 50 tÃºi zip chá»‰ Ä‘á» Ä‘Ã³ng gÃ³i hÃ ng, Ä‘á»±ng thá»±c pháº©m",50 tÃºi (10x15cm),1
339,230,"Bá»™ 50 tÃºi zip chá»‰ Ä‘á» Ä‘Ã³ng gÃ³i hÃ ng, Ä‘á»±ng thá»±c pháº©m",5 tÃºi (30x40cm),1
340,230,"Bá»™ 50 tÃºi zip chá»‰ Ä‘á» Ä‘Ã³ng gÃ³i hÃ ng, Ä‘á»±ng thá»±c pháº©m",5 tÃºi (35x45cm),1
341,231,"áº¨m Káº¿ Äiá»‡n Tá»­ Mini dÃ¹ng Ä‘á»ƒ Ä‘o nhiá»‡t Ä‘á»™, Ä‘á»™ áº©m",,1
342,232,Há»˜P NHá»°A Äá»°NG THá»°C PHáº¨M LOCK,,5
343,233,Tinh Dáº§u TrÃ m Huáº¿ ( chai lá»›n 100ml),,1
344,234,[MÃ£ ELMSHX hoÃ n 8% xu Ä‘Æ¡n 500K] á»” cá»©ng SSD Samsung 860 Evo 500Gb new nguyÃªn seal báº£o hÃ nh 5 nÄƒm,,1
345,235,Táº¡ tay nhá»±a VN 10kg (Xanh dÆ°Æ¡ng),,1
346,236,"Khung káº¹p giá»¯ Ä‘iá»‡n thoáº¡i chá»‘t váº·n báº±ng Ä‘inh á»‘c, xoay 360 Ä‘á»™, Ä‘á»¡ Ä‘iá»‡n thoáº¡i quay ngang dá»c gáº¯n lÃªn tripod giÃ¡ ráº»",Äinh á»c 360,1
347,236,"Káº¹p Ä‘iá»‡n thoáº¡i váº·n báº±ng Ä‘inh á»‘c dÃ nh cho cÃ¡c dÃ²ng Ä‘iá»‡n thoáº¡i lá»›n, káº¹p gáº¯n Ä‘iá»‡n thoáº¡i lÃªn giÃ¡ Ä‘á»¡ tripod(khÃ´ng gá»“m giÃ¡ Ä‘á»¡)",Äinh á»‘c Ä‘Æ¡n,1
348,237,[MÃ£ ELFLASH1 hoÃ n 10K xu Ä‘Æ¡n 20K] Keo Táº£n Nhiá»‡t CPU HY510 10 Gam Tá»‘t,,1
349,237,[MÃ£ ELFLASH1 hoÃ n 10K xu Ä‘Æ¡n 20K] DÃ¢y nguá»“n mÃ¡y tÃ­nh tá»‘t 1.8m,,1
350,237,[MÃ£ ELFLASH1 hoÃ n 10K xu Ä‘Æ¡n 20K] CÃ¡p SATA Asus zin theo main - DÃ¢y SATA mÃ¡y tÃ­nh,,3
351,238,TaÌ£ tay nhÆ°Ì£a 5kg phucthanhsport ( 1 cá»¥c 5kg),,1
352,238,TaÌ£ tay nhÆ°Ì£a 7kg PT SPORT (1 cá»¥c 7kg),,1
353,239,[Freeship] Sandal Nam Ná»¯ ZX3408 - 3 quai - Full Black - phong cÃ¡ch streetwear,"FULL BLACK,40",1
354,240,Lens cÃ¡p trÆ°á»›c khÃ´ng chá»¯ cho mÃ¡y áº£nh size 37-40.5-43-46-49-52-55-58-62-67-72-77-82mm,52,1
355,240,Háº¡t hÃºt áº©m xanh Ä‘á»•i mÃ u chá»‘ng áº©m 100 - 500gram,100g,1
356,240,Hotshoe Che ChÃ¢n ÄÃ¨n Flash cÃ³ giá»t nÆ°á»›c vÃ  trÆ¡n,CÃ³ giá»t nÆ°á»›c,1
357,240,"Miáº¿ng dÃ¡n mÃ n hÃ¬nh tá»« tÃ­nh cho mÃ¡y áº£nh canon, nikon, sony",sony 3.0 inch,1
358,241,Chuá»™t quang cÃ³ dÃ¢y A4Tech OP720 - USB (HÃ£ng phÃ¢n phá»‘i chÃ­nh thá»©c),,1
359,242,Tháº¯t lÆ°ng nam da tháº­t Anh Tho Leather - P103,,1
360,243,ÄÃˆN Báº®T MUá»–I DIá»†T CÃ”N TRÃ™NG ÄA NÄ‚NG COMET CM069,,1
361,244,Táº¡ tay cÃ¡t bá»c nhá»±a 3kg,,1
362,244,Táº¡ nhá»±a cáº§m tay 5 kg (nhá»±a bá»c cÃ¡t),,1
363,244,Táº¡ nhá»±a cáº§m tay 4kg (nhá»±a bá»c cÃ¡t),,1
364,245,Sá»” LÃ’ XO A4 DÃ€Y / Má»NG,DÃ€Y 200 TRA,2
365,246,BÃ³p tay lÃ² xo gá»—,,1
366,246,Táº¡ tay cÃ¡t bá»c nhá»±a 3kg,,1
367,246,Táº¡ nhá»±a cáº§m tay 2kg (nhá»±a bá»c cÃ¡t),,1
368,246,Táº¡ nhá»±a cáº§m tay 1kg (nhá»±a bá»c cÃ¡t),,1
369,247,[NAM] Quáº§n Jogger Kaki KhÃ³a Zip hÃ ng cÃ³ sáºµn form 45-90kg,"Äen,S",1
370,248,[Flash Sale] Äá»“ng Há»“ Äo Äiá»‡n Váº¡n NÄƒng Mini DT830B,Äá»“ng há»“  cÃ³ pin,1
371,249,Ká»‡ sáº¯t treo quáº§n Ã¡o Suoernuo SN0402,Black,1
372,250,[MÃ£ ELCB10 hoÃ n xu 10K Ä‘Æ¡n 0Ä‘] ÄÃ¨n chá»¥p áº£nh LED CTOY ulanzi VL49 Mini LED 6W cÃ³ thá»ƒ Ä‘iá»u chá»‰nh Ä‘á»™ sÃ¡ng 5500K CRI95 + Pin lithium cÃ³ thá»ƒ sáº¡c láº¡i,Black,1
373,251,KÃ­nh lá»c Filter CPL K&F Concept  hÃ ng chÃ­nh hÃ£ng - size 49mm Ä‘áº¿n 82mm,52 mm,1
374,252,[Free ship] Sáº¡c dá»± phÃ²ng Mi gen 2S 10000 mAh,Xanh Ä‘en,1
375,253,[NAM] Quáº§n Jogger Kaki KhÃ³a Zip hÃ ng cÃ³ sáºµn form 45-90kg,"Xanh Ä‘en,S",1
376,253,[NAM] Quáº§n Jogger Kaki KhÃ³a Zip hÃ ng cÃ³ sáºµn form 45-90kg,"XÃ¡m Ä‘áº­m,S",1
377,254,"Quáº§n Ä‘Ã¹i nam kaki nhiá»u mÃ u, hÃ ng khÃ´ng co dÃ£n lÆ°ng chun phong cÃ¡ch tráº» trung size tá»« 27 Ä‘áº¿n 32-XM047","xanh Ä‘en,28",1
378,254,"Quáº§n Ä‘Ã¹i nam kaki nhiá»u mÃ u, hÃ ng khÃ´ng co dÃ£n lÆ°ng chun phong cÃ¡ch tráº» trung size tá»« 27 Ä‘áº¿n 32-XM047","Ä‘en,28",1
379,255,"Ão Polo Nam Thun CÃ¡ Sáº¥u Cao Cáº¥p, Váº£i Má»‹n KhÃ´ng XÃ¹ ThoÃ¡ng MÃ¡t (Nhiá»u mÃ u)","Xanh ,M (45-55kg)",1
380,256,DÃ¢y cÃ¡p má»Ÿ rá»™ng Ugreen 3.5MM AUX Ä‘a nÄƒng,2M/Mic Blue,1
381,257,Quáº§n short kaki nam LADOS-4024,"NÃ¢u Äáº­m,28",1
382,257,Quáº§n short kaki nam LADOS-4024,"TÃ­m,28",1
383,258,VÃ²ng Ä‘iá»u há»£p lá»c áº£nh báº±ng kim loáº¡i 52mm cho Sony RX100M5 / RX100M6 / RX100 V / RX100 VI,,1
384,259,KÃ­nh lá»c Filter MECO S-MC-UV Cháº¥t LÆ°á»£ng Cao Cá»§a Má»¹,52,1
385,260,Ão sÆ¡ mi nam cao cáº¥p tay dÃ i LADOS-523,"Äá» dÃ´,L",1
386,260,Quáº§n short kaki nam LADOS-4024,"Kem,28",1
387,261,Ão sÆ¡ mi nam cao cáº¥p tay dÃ i LADOS-523,"Äen,L",1
388,262,Card má»Ÿ rá»™ng PCIE Express 3.0 SATA III 6G,,1
389,263,Ly (cá»‘c) sá»© giá»¯ nhiá»‡t náº¯p trÃ¡ng gÆ°Æ¡ng cao cáº¥p,,2
390,264,Giáº¯c cáº¯m dÃ¢y cÃ¡p Ã¢m thanh vuÃ´ng gÃ³c 90 Ä‘á»™,3pole,1
391,265,Káº¹p gáº¯n Ä‘iá»‡n thoáº¡i mÃ¡y tÃ­nh báº£ng iPad Mini Air Pro,,1
392,266,Äáº§u chuyá»ƒn chÃ¢n Flash (Hot Shoe) lÃªn ren mÃ¡y áº£nh 1/4,,1
393,267,Ão sÆ¡ mi nam cao cáº¥p tay dÃ i LADOS-523,"Xanh Äen,M",1
394,268,Ão sÆ¡ mi nam cao cáº¥p tay dÃ i LADOS-523,"Xanh Äen,L",1
395,269,"Cá»‘c sáº¡c cá»§ sáº¡c 1 cá»•ng USB, dÃ²ng Ä‘iá»‡n Ä‘áº§u ra 1A dÃ¹ng cho Ä‘iá»‡n thoáº¡i mÃ¡y tÃ­nh báº£ng BOROFONE BA10",,1
396,270,"Micro BOYA BY-MM1 Thu Ã‚m ChuyÃªn Nghiá»‡p Cho MÃ¡y áº¢nh DSLR, Camera, Äiá»‡n Thoáº¡i",,1
397,271,[MÃ£ ELCB07 hoÃ n 15% xu Ä‘Æ¡n 99k] CÃ¡p Ã¢m thanh cá»•ng Micro USB sang giáº¯c 3.5mm,,2
398,272,[MÃ£ THANU2205 giáº£m 5% Ä‘Æ¡n 100K] Tay cáº§m má»Ÿ rá»™ng hÃ¬nh chá»¯ L dÃ nh cho SONY RX100 VII UURig R017 (FUUS8),,1
399,273,Äáº¿ gáº¯n chÃ¢n mÃ¡y áº£nh cho tripod 600 668 800 690 LEDs,The new 690,2
400,274,Oy*Andoer Aluminium Alloy Panoramic Tripod Ball Head Ballhead Mount Adapter 360Â° Rotating with Quick Release Plate 3kg/6.6lbs Load Capacity,Black,1
401,275,Kem sáº¹o scar esthetique Má»¹,,1
402,276,"[CHá»NG NÆ¯á»šC] LÃ³t chuá»™t, bÃ n di chuá»™t game cá»¡ lá»›n","ROG-9,80x30x0.3",1
403,277,DÃ¢y Äeo MÃ¡y áº¢nh Thao TÃ¡c Nhanh Leash - Peak Design (cÃ³ clip review),,1
404,278,ChÃ¢n Ä‘áº¿ mÃ¡y áº£nh Tripod Ballhead Mini Octopus Flexible (Giao MÃ u Ngáº«u NhiÃªn) - HÃ€NG NHáº¬P KHáº¨U,,1
405,279,dÃ¢y Ä‘eo mÃ¡y áº£nh thao tÃ¡c nhanh báº£n 2.5cm,Ä‘en,1
406,280,Äá»‡m MÃºt Da Bá»c Tai Nghe 10x7.5 cm Headphones dáº¡ng Oval báº§u bá»¥c,Äen,1
407,281,[Sá»ˆ/Láºº] Micro khÃ´ng dÃ¢y Ä‘eo tai Shubole T1,,1
408,282,"Cá»¥c enter , nÃºt enter siÃªu bá»±",,1
409,283,trÃ² chÆ¡i xáº¿p cá»‘c tá»‘c Ä‘á»™,xanh dÆ°Æ¡ng,1
410,284,Äá»“ng há»“ bÃ¡o thá»©c 2 quáº£ chuÃ´ng kÃ¨m Ä‘Ã¨n kiá»ƒu cá»• Ä‘iá»ƒn  Ä‘á»ƒ bÃ n tiá»‡n lá»£i -HÃ ng cao cáº¥p loáº¡i 1 chÃ­nh hÃ£ng Hanlintime-dc3275,Äen,1
411,285,MÃ¡y áº£nh Sony WX500,"MÃ¡y má»›i mua, mÃ u Ä‘en",1
